nta_code,nta_name,borough,nta_type,nta_code_clean,nta_name_clean,acs_nta_name,acs_borough,population,median_household_income,poverty_rate_pct,unemployment_rate_pct,renter_occupied_units,rent_burden_rate_pct,airbnb_count,avg_airbnb_price,median_airbnb_price,entire_home_share,high_availability_share,avg_minimum_nights,avg_number_of_reviews,eviction_count,complaint_problem_count,unique_complaints,violation_count,class_c_violation_count,airbnb_per_1000_residents,evictions_per_1000_renter_units,complaints_per_1000_residents,violations_per_1000_residents,class_c_violations_per_1000_residents,urban_pressure_score,pressure_level,high_pressure
BK0101,Greenpoint,Brooklyn,0,BK0101,GREENPOINT,Greenpoint,Brooklyn,39227,124903.0,9.1,7.4,15692,36.9,1019.0,137.30127576054957,119.0,0.5534838076545633,0.19332679097154074,6.207065750736016,16.986261040235526,19.0,1820.0,1160.0,3368.0,574.0,25.977005633874626,1.2108080550599032,46.396614576694624,85.85922961225687,14.632778443419074,26.61951849322819,Medium,0
BK0102,Williamsburg,Brooklyn,0,BK0102,WILLIAMSBURG,Williamsburg,Brooklyn,66064,145388.0,12.8,6.9,24647,37.2,2274.0,158.17018469656992,125.5,0.544415127528584,0.18865435356200527,6.486807387862797,24.061125769569042,12.0,4071.0,2367.0,5590.0,1133.0,34.421167352869944,0.48687467034527526,61.622063453620726,84.61491886655365,17.150036328408813,32.85557041034389,Medium,0
BK0103,South Williamsburg,Brooklyn,0,BK0103,SOUTH WILLIAMSBURG,South Williamsburg,Brooklyn,46005,43465.0,43.3,9.7,9136,63.7,95.0,109.28421052631579,85.0,0.35789473684210527,0.23157894736842105,4.157894736842105,26.49473684210526,0.0,663.0,394.0,2100.0,273.0,2.064992935550484,0.0,14.411477013368113,45.64721225953701,5.934137593739811,36.11474534197458,High,0
BK0104,East Williamsburg,Brooklyn,0,BK0104,EAST WILLIAMSBURG,East Williamsburg,Brooklyn,51706,79033.0,23.3,7.4,20477,47.0,1642.0,118.6272838002436,95.0,0.4110840438489647,0.18635809987819732,6.110840438489647,18.443361753958587,37.0,2930.0,1729.0,3511.0,669.0,31.756469268556838,1.8069053083947844,56.66653773256488,67.90314470274244,12.938537113681198,39.989426143816004,High,1
BK0201,Brooklyn Heights,Brooklyn,0,BK0201,BROOKLYN HEIGHTS,Brooklyn Heights,Brooklyn,24936,186162.0,4.1,4.1,6251,32.2,164.0,196.48170731707316,150.0,0.8170731707317073,0.17682926829268292,7.25,17.567073170731707,0.0,464.0,316.0,665.0,120.0,6.57683670195701,0.0,18.60763554700032,26.668270773179337,4.8123195380173245,6.684727311467835,Low,0
BK0202,Downtown Brooklyn-DUMBO-Boerum Hill,Brooklyn,0,BK0202,DOWNTOWN BROOKLYN-DUMBO-BOERUM HILL,Downtown Brooklyn-DUMBO-Boerum Hill,Brooklyn,40031,163331.0,15.2,5.6,14484,39.5,338.0,170.15680473372782,150.0,0.7011834319526628,0.17455621301775148,7.890532544378698,22.281065088757398,0.0,899.0,549.0,1194.0,223.0,8.443456321350952,0.0,22.457595363593214,29.826884164772302,5.570682720891309,16.019021461168467,Low,0
BK0203,Fort Greene,Brooklyn,0,BK0203,FORT GREENE,Fort Greene,Brooklyn,32395,112875.0,16.3,7.7,11817,44.4,479.0,147.98538622129436,128.0,0.6200417536534447,0.23382045929018788,7.18580375782881,21.384133611691023,43.0,795.0,490.0,1505.0,282.0,14.786232443278283,3.638825421003639,24.54082420126563,46.457786695477694,8.70504707516592,25.452970195461834,Medium,0
BK0204,Clinton Hill,Brooklyn,0,BK0204,CLINTON HILL,Clinton Hill,Brooklyn,28275,126617.0,10.0,7.5,7903,40.7,589.0,150.49235993208828,120.0,0.5925297113752123,0.2597623089983022,6.98641765704584,25.71477079796265,59.0,1408.0,839.0,2045.0,355.0,20.831122900088417,7.465519423003922,49.796640141467726,72.32537577365164,12.5552608311229,30.007545006310316,Medium,0
BK0301,Bedford-Stuyvesant (West),Brooklyn,0,BK0301,BEDFORD-STUYVESANT (WEST),Bedford-Stuyvesant (West),Brooklyn,87758,80096.0,26.7,7.7,27391,50.6,1768.0,107.33880090497738,80.0,0.4321266968325792,0.31221719457013575,6.129524886877828,26.455882352941178,0.0,6738.0,3632.0,10873.0,2367.0,20.14631144738941,0.0,76.77932496182683,123.89753640693726,26.971899997721007,40.919827908533506,High,1
BK0302,Bedford-Stuyvesant (East),Brooklyn,0,BK0302,BEDFORD-STUYVESANT (EAST),Bedford-Stuyvesant (East),Brooklyn,92525,75517.0,24.3,8.6,27282,51.2,1678.0,102.22943980929678,80.0,0.4445768772348033,0.3110846245530393,5.358760429082241,32.908224076281286,0.0,9791.0,5901.0,12891.0,3030.0,18.135639016482035,0.0,105.82004863550391,139.32450689002974,32.74790597135909,42.10234701718654,High,1
BK0401,Bushwick (West),Brooklyn,0,BK0401,BUSHWICK (WEST),Bushwick (West),Brooklyn,52167,90813.0,18.6,7.9,19264,53.4,1386.0,84.02164502164503,67.0,0.28066378066378067,0.19985569985569984,6.044733044733045,18.91991341991342,0.0,5490.0,3022.0,9040.0,2311.0,26.568520328943585,0.0,105.23894416010121,173.28962754231603,44.300036421492514,46.777947915542164,High,1
BK0402,Bushwick (East),Brooklyn,0,BK0402,BUSHWICK (EAST),Bushwick (East),Brooklyn,59808,75673.0,23.5,7.9,17832,57.5,1073.0,84.31500465983224,63.0,0.2674743709226468,0.287977632805219,5.628145386766076,24.56756756756757,0.0,4903.0,2648.0,8316.0,2066.0,17.940743713215625,0.0,81.97899946495451,139.04494382022472,34.54387372926699,42.867689636159724,High,1
BK0501,Cypress Hills,Brooklyn,0,BK0501,CYPRESS HILLS,Cypress Hills,Brooklyn,41071,63480.0,17.3,6.8,9317,55.2,111.0,98.28828828828829,70.0,0.3963963963963964,0.45045045045045046,7.153153153153153,33.36036036036036,0.0,2886.0,1515.0,3829.0,785.0,2.702636897080665,0.0,70.2685593240973,93.228798909206,19.113242920795695,28.26471682305909,Medium,0
BK0502,East New York (North),Brooklyn,0,BK0502,EAST NEW YORK (NORTH),East New York (North),Brooklyn,43029,56323.0,28.0,8.6,10490,56.7,99.0,80.84848484848484,70.0,0.4444444444444444,0.5858585858585859,7.292929292929293,32.76767676767677,0.0,4069.0,1955.0,6117.0,1479.0,2.3007738966743356,0.0,94.56413116735226,142.15993864602942,34.37216760789235,37.886712626199895,High,0
BK0503,East New York-New Lots,Brooklyn,0,BK0503,EAST NEW YORK-NEW LOTS,East New York-New Lots,Brooklyn,51572,56229.0,24.0,11.7,14320,54.6,86.0,85.40697674418605,73.5,0.4069767441860465,0.36046511627906974,2.686046511627907,30.53488372093023,0.0,5306.0,2720.0,7087.0,1799.0,1.6675715504537345,0.0,102.88528658962227,137.41952997750718,34.88326999146823,35.21950804409171,High,0
BK0504,Spring Creek-Starrett City,Brooklyn,0,BK0504,SPRING CREEK-STARRETT CITY,Spring Creek-Starrett City,Brooklyn,16047,35815.0,24.8,8.9,7695,53.7,2.0,84.5,84.5,0.5,1.0,3.0,45.0,0.0,503.0,369.0,377.0,109.0,0.12463388795413473,0.0,31.345422820464883,23.493487879354394,6.792546893500343,22.65455963419071,Medium,0
BK0505,East New York-City Line,Brooklyn,0,BK0505,EAST NEW YORK-CITY LINE,East New York-City Line,Brooklyn,49317,52685.0,23.0,6.3,12713,55.8,42.0,107.28571428571429,80.0,0.42857142857142855,0.4523809523809524,2.2142857142857144,22.571428571428573,0.0,3405.0,1854.0,5317.0,1176.0,0.8516333110286514,0.0,69.04312914410852,107.81272177950808,23.845732708802238,30.85322732257622,Medium,0
BK0601,Carroll Gardens-Cobble Hill-Gowanus-Red Hook,Brooklyn,0,BK0601,CARROLL GARDENS-COBBLE HILL-GOWANUS-RED HOOK,Carroll Gardens-Cobble Hill-Gowanus-Red Hook,Brooklyn,62409,131836.0,12.4,7.1,18145,36.8,692.0,167.79046242774567,135.0,0.6864161849710982,0.23699421965317918,5.51878612716763,27.61994219653179,0.0,1559.0,985.0,3055.0,421.0,11.088144338156356,0.0,24.980371420788668,48.951273053566,6.745821916710731,16.230910933498052,Low,0
BK0602,Park Slope,Brooklyn,0,BK0602,PARK SLOPE,Park Slope,Brooklyn,58600,195859.0,4.7,4.8,14544,32.2,688.0,165.43168604651163,144.0,0.6991279069767442,0.24273255813953487,8.306686046511627,31.763081395348838,0.0,1535.0,1010.0,2954.0,434.0,11.740614334470989,0.0,26.194539249146757,50.40955631399317,7.406143344709897,11.390852620639205,Low,0
BK0701,Windsor Terrace-South Slope,Brooklyn,0,BK0701,WINDSOR TERRACE-SOUTH SLOPE,Windsor Terrace-South Slope,Brooklyn,25602,143449.0,8.2,6.9,6252,43.3,243.0,139.54320987654322,123.0,0.7160493827160493,0.24691358024691357,9.320987654320987,28.08230452674897,0.0,659.0,426.0,923.0,203.0,9.491445980782752,0.0,25.740176548707133,36.05187094758222,7.929068041559254,15.869018360786855,Low,0
BK0702,Sunset Park (West),Brooklyn,0,BK0702,SUNSET PARK (WEST),Sunset Park (West),Brooklyn,51327,83835.0,17.5,5.5,12562,50.2,296.0,119.52364864864865,90.0,0.5202702702702703,0.24324324324324326,6.9391891891891895,18.195945945945947,0.0,3046.0,1574.0,4867.0,1129.0,5.766945272468681,0.0,59.34498412141758,94.82338730103064,21.996220312895748,26.943181122995448,Medium,0
BK0703,Sunset Park (Central),Brooklyn,0,BK0703,SUNSET PARK (CENTRAL),Sunset Park (Central),Brooklyn,43324,58683.0,26.3,7.6,9834,60.8,107.0,70.80373831775701,58.0,0.308411214953271,0.3177570093457944,4.757009345794392,25.626168224299064,0.0,2632.0,1350.0,3429.0,872.0,2.4697627181239037,0.0,60.751546486935645,79.14781645277444,20.12741205798172,32.979752948031035,Medium,0
BK0801,Prospect Heights,Brooklyn,0,BK0801,PROSPECT HEIGHTS,Prospect Heights,Brooklyn,23598,156985.0,6.4,4.6,6894,38.7,442.0,149.65610859728505,125.0,0.6108597285067874,0.19683257918552036,5.782805429864253,27.807692307692307,10.0,1859.0,1167.0,3028.0,705.0,18.730400881430633,1.450536698578474,78.77786253072294,128.31595897957453,29.875413170607676,27.713490287616782,Medium,0
BK0802,Crown Heights (North),Brooklyn,0,BK0802,CROWN HEIGHTS (NORTH),Crown Heights (North),Brooklyn,86121,78094.0,19.8,8.6,31181,48.8,1089.0,108.47658402203857,85.0,0.4820936639118457,0.2460973370064279,5.639118457300276,24.33700642791552,0.0,12966.0,6894.0,16816.0,4097.0,12.644999477479361,0.0,150.55561361340438,195.26015722065466,47.57260133997515,42.883378471041624,High,1
BK0901,Crown Heights (South),Brooklyn,0,BK0901,CROWN HEIGHTS (SOUTH),Crown Heights (South),Brooklyn,52273,74676.0,19.1,9.2,17113,49.1,340.0,115.43235294117648,88.0,0.5117647058823529,0.25882352941176473,6.067647058823529,19.2,0.0,9401.0,5625.0,12268.0,3077.0,6.504313890536223,0.0,179.84427907332656,234.69094943852468,58.86404070935282,44.12470466953838,High,1
BK0902,Prospect Lefferts Gardens-Wingate,Brooklyn,0,BK0902,PROSPECT LEFFERTS GARDENS-WINGATE,Prospect Lefferts Gardens-Wingate,Brooklyn,45402,73114.0,16.1,6.9,15375,48.8,540.0,105.39259259259259,80.0,0.5092592592592593,0.27037037037037037,5.2,25.985185185185184,194.0,8140.0,4744.0,9321.0,2295.0,11.893749174045197,12.617886178861788,179.2872560680146,205.29932602088013,50.54843398969208,52.344716120618365,High,1
BK1001,Bay Ridge,Brooklyn,0,BK1001,BAY RIDGE,Bay Ridge,Brooklyn,84021,92738.0,11.7,6.7,22335,45.8,193.0,107.06735751295336,86.0,0.49222797927461137,0.38341968911917096,9.031088082901555,16.911917098445596,91.0,5194.0,3768.0,4271.0,909.0,2.2970447864224424,4.074322811730467,61.81787886361743,50.83252996274741,10.818723890455958,21.18549432154,Low,0
BK1002,Dyker Heights,Brooklyn,0,BK1002,DYKER HEIGHTS,Dyker Heights,Brooklyn,40173,75942.0,19.0,7.1,6905,57.5,13.0,91.23076923076923,75.0,0.5384615384615384,0.38461538461538464,2.3846153846153846,32.46153846153846,22.0,982.0,603.0,1568.0,275.0,0.3236004281482588,3.1860970311368577,24.444278495506936,39.03119010280537,6.845393672367012,24.708202759750016,Medium,0
BK1101,Bensonhurst,Brooklyn,0,BK1101,BENSONHURST,Bensonhurst,Brooklyn,96111,67567.0,18.0,7.2,23203,55.0,82.0,76.0,74.0,0.3780487804878049,0.32926829268292684,4.585365853658536,21.621951219512194,0.0,4697.0,2932.0,6661.0,1313.0,0.85318017708691,0.0,48.870576728990436,69.30528243385253,13.661287469696497,24.67659011269546,Medium,0
BK1102,Bath Beach,Brooklyn,0,BK1102,BATH BEACH,Bath Beach,Brooklyn,30826,67745.0,15.3,4.6,6460,60.9,12.0,81.83333333333333,75.0,0.6666666666666666,0.4166666666666667,4.583333333333333,48.833333333333336,25.0,1511.0,1068.0,1998.0,473.0,0.38928177512489454,3.869969040247678,49.01706351780964,64.81541555829494,15.34418996950626,28.407155145942557,Medium,0
BK1103,Gravesend (West),Brooklyn,0,BK1103,GRAVESEND (WEST),Gravesend (West),Brooklyn,55817,72131.0,20.2,9.1,11365,54.8,27.0,86.51851851851852,80.0,0.4074074074074074,0.2222222222222222,7.592592592592593,14.555555555555555,0.0,2577.0,1520.0,3028.0,577.0,0.4837235967536772,0.0,46.16872995682319,54.24870559148646,10.337352419513769,24.24351452207647,Medium,0
BK1201,Sunset Park (East)-Borough Park (West),Brooklyn,0,BK1201,SUNSET PARK (EAST)-BOROUGH PARK (WEST),Sunset Park (East)-Borough Park (West),Brooklyn,30883,62307.0,25.1,9.4,6876,56.7,88.0,58.40909090909091,49.5,0.13636363636363635,0.4772727272727273,2.9545454545454546,16.704545454545453,0.0,1870.0,957.0,2717.0,664.0,2.849464106466341,0.0,60.55111226240974,87.97720428714827,21.500501894246025,31.335540042425276,Medium,0
BK1202,Borough Park,Brooklyn,0,BK1202,BOROUGH PARK,Borough Park,Brooklyn,88660,54785.0,32.4,8.0,14823,64.4,38.0,69.07894736842105,56.0,0.3157894736842105,0.15789473684210525,2.973684210526316,20.13157894736842,49.0,2265.0,1235.0,4647.0,923.0,0.428603654410106,3.3056736153275312,25.547033611549743,52.41371531694113,10.410557184750733,34.50183448501378,High,0
BK1203,Kensington,Brooklyn,0,BK1203,KENSINGTON,Kensington,Brooklyn,37992,90851.0,11.9,5.0,9539,51.2,158.0,94.77848101265823,71.0,0.43037974683544306,0.20253164556962025,5.2215189873417724,16.40506329113924,0.0,2674.0,1728.0,3642.0,774.0,4.158770267424721,0.0,70.38323857654242,95.86228679722046,20.372710044219836,25.053675871975102,Medium,0
BK1204,Mapleton-Midwood (West),Brooklyn,0,BK1204,MAPLETON-MIDWOOD (WEST),Mapleton-Midwood (West),Brooklyn,37160,75418.0,18.1,5.6,6518,57.5,28.0,92.07142857142857,77.5,0.5357142857142857,0.25,6.142857142857143,8.428571428571429,0.0,1154.0,752.0,1909.0,384.0,0.7534983853606028,0.0,31.054897739504845,51.3724434876211,10.333692142088267,23.49978545882958,Medium,0
BK1301,Gravesend (South),Brooklyn,0,BK1301,GRAVESEND (SOUTH),Gravesend (South),Brooklyn,28037,57629.0,18.1,7.8,6676,58.4,23.0,59.608695652173914,40.0,0.21739130434782608,0.2608695652173913,6.043478260869565,14.08695652173913,0.0,682.0,499.0,663.0,91.0,0.8203445447087777,0.0,24.324999108321148,23.64732318008346,3.2457110247173375,21.799512827150778,Low,0
BK1302,Coney Island-Sea Gate,Brooklyn,0,BK1302,CONEY ISLAND-SEA GATE,Coney Island-Sea Gate,Brooklyn,52480,41393.0,27.6,12.6,15837,59.8,29.0,162.9655172413793,99.0,0.5517241379310345,0.3103448275862069,4.896551724137931,14.448275862068966,0.0,1768.0,972.0,2471.0,548.0,0.552591463414634,0.0,33.6890243902439,47.08460365853658,10.442073170731708,28.37638042277067,Medium,0
BK1303,Brighton Beach,Brooklyn,0,BK1303,BRIGHTON BEACH,Brighton Beach,Brooklyn,29628,44360.0,24.5,5.1,10272,67.6,70.0,104.05714285714286,85.0,0.4857142857142857,0.4714285714285714,4.314285714285714,18.728571428571428,61.0,1913.0,1263.0,2483.0,524.0,2.3626299446469554,5.938473520249221,64.5673012015661,83.80585932226273,17.68597272850007,39.92013934261469,High,1
BK1401,Flatbush,Brooklyn,0,BK1401,FLATBUSH,Flatbush,Brooklyn,68167,81304.0,14.9,5.3,22885,48.8,382.0,83.74083769633508,70.0,0.41361256544502617,0.20680628272251309,4.261780104712042,18.282722513089006,195.0,14429.0,7948.0,18696.0,4964.0,5.603884577581527,8.520865195542932,211.67133657048132,274.2676074933619,72.8211597987296,52.29869581388095,High,1
BK1402,Flatbush (West)-Ditmas Park-Parkville,Brooklyn,0,BK1402,FLATBUSH (WEST)-DITMAS PARK-PARKVILLE,Flatbush (West)-Ditmas Park-Parkville,Brooklyn,40527,88317.0,15.8,6.2,10698,53.5,198.0,116.05050505050505,80.0,0.46464646464646464,0.2777777777777778,8.282828282828282,24.045454545454547,0.0,3958.0,2471.0,4874.0,1295.0,4.885631801021542,0.0,97.6632862042589,120.26550201100501,31.954005971327756,31.416945499527355,Medium,0
BK1403,Midwood,Brooklyn,0,BK1403,MIDWOOD,Midwood,Brooklyn,50867,71847.0,16.9,5.5,12453,56.7,80.0,78.45,73.0,0.4375,0.2125,4.975,19.1625,61.0,3564.0,2256.0,5486.0,1353.0,1.5727288811999922,4.89841805187505,70.06507165745965,107.84988302828947,26.59877720329487,32.52577024085206,Medium,0
BK1501,Gravesend (East)-Homecrest,Brooklyn,0,BK1501,GRAVESEND (EAST)-HOMECREST,Gravesend (East)-Homecrest,Brooklyn,51220,71961.0,17.0,8.0,11525,56.6,62.0,78.80645161290323,62.0,0.3709677419354839,0.3870967741935484,4.387096774193548,24.741935483870968,0.0,2608.0,1590.0,2808.0,534.0,1.210464662241312,0.0,50.91761030847326,54.82233502538071,10.425614994142913,24.40522820536736,Medium,0
BK1502,Madison,Brooklyn,0,BK1502,MADISON,Madison,Brooklyn,39842,74297.0,16.5,5.4,8370,52.8,57.0,90.03508771929825,61.0,0.2807017543859649,0.3684210526315789,2.8771929824561404,21.035087719298247,36.0,2168.0,1449.0,2101.0,454.0,1.4306510717333467,4.301075268817204,54.414939009085884,52.73329652125897,11.39501029064806,25.715599170191233,Medium,0
BK1503,Sheepshead Bay-Manhattan Beach-Gerritsen Beach,Brooklyn,0,BK1503,SHEEPSHEAD BAY-MANHATTAN BEACH-GERRITSEN BEACH,Sheepshead Bay-Manhattan Beach-Gerritsen Beach,Brooklyn,65400,75799.0,13.9,5.4,12935,52.2,76.0,118.1842105263158,79.5,0.4868421052631579,0.42105263157894735,7.9605263157894735,20.407894736842106,0.0,2793.0,2053.0,1854.0,349.0,1.162079510703364,0.0,42.70642201834862,28.34862385321101,5.336391437308868,18.931528149527264,Low,0
BK1601,Ocean Hill,Brooklyn,0,BK1601,OCEAN HILL,Ocean Hill,Brooklyn,39495,54277.0,24.7,8.3,12291,50.2,337.0,82.55192878338279,60.0,0.32047477744807124,0.35014836795252224,4.181008902077151,33.32640949554896,181.0,4996.0,2473.0,6614.0,1495.0,8.532725661476135,14.726222439183141,126.49702493986581,167.46423597923788,37.85289277123687,50.595797573243,High,1
BK1602,Brownsville,Brooklyn,0,BK1602,BROWNSVILLE,Brownsville,Brooklyn,57650,35485.0,38.2,14.0,18436,60.9,36.0,78.41666666666667,65.0,0.3055555555555556,0.3611111111111111,2.75,25.63888888888889,214.0,5715.0,2614.0,8322.0,2225.0,0.6244579358196011,11.60772401822521,99.13269731136167,144.35385949696445,38.59496964440589,51.85270899944757,High,1
BK1701,East Flatbush-Erasmus,Brooklyn,0,BK1701,EAST FLATBUSH-ERASMUS,East Flatbush-Erasmus,Brooklyn,45910,77191.0,15.6,8.2,15003,49.2,292.0,78.03767123287672,65.0,0.3595890410958904,0.3493150684931507,6.482876712328767,24.236301369863014,0.0,10065.0,6063.0,13279.0,3340.0,6.360270093661512,0.0,219.23328250925724,289.23981703332606,72.75103463297756,47.72158958355604,High,1
BK1702,East Flatbush-Farragut,Brooklyn,0,BK1702,EAST FLATBUSH-FARRAGUT,East Flatbush-Farragut,Brooklyn,34395,76571.0,12.8,9.7,6863,54.5,85.0,107.03529411764706,80.0,0.49411764705882355,0.36470588235294116,4.294117647058823,25.03529411764706,147.0,2680.0,1638.0,2143.0,542.0,2.471289431603431,21.41920442954976,77.91830207879052,62.30556766971944,15.758104375635993,39.57700946741549,High,1
BK1703,East Flatbush-Rugby,Brooklyn,0,BK1703,EAST FLATBUSH-RUGBY,East Flatbush-Rugby,Brooklyn,37809,69832.0,15.3,8.6,8951,61.7,105.0,80.33333333333333,67.0,0.2761904761904762,0.6476190476190476,8.571428571428571,22.847619047619048,0.0,4853.0,2641.0,6640.0,1739.0,2.7771165595493135,0.0,128.35568250945542,175.61956148007087,45.994339971964344,39.303257741056754,High,1
BK1704,East Flatbush-Remsen Village,Brooklyn,0,BK1704,EAST FLATBUSH-REMSEN VILLAGE,East Flatbush-Remsen Village,Brooklyn,39044,55132.0,20.9,11.8,11277,61.1,60.0,114.96666666666667,80.5,0.4166666666666667,0.6,3.6333333333333333,28.883333333333333,0.0,5855.0,3265.0,8768.0,2167.0,1.5367277942833726,0.0,149.95902059215243,224.56715500461019,55.501485503534475,45.23554234499884,High,1
BK1801,Flatlands,Brooklyn,0,BK1801,FLATLANDS,Flatlands,Brooklyn,65280,81381.0,12.3,7.9,9825,51.8,87.0,115.04597701149426,85.0,0.45977011494252873,0.5172413793103449,2.586206896551724,23.39080459770115,97.0,2551.0,1443.0,3329.0,873.0,1.3327205882352942,9.872773536895675,39.07781862745098,50.99571078431372,13.373161764705882,26.19887312773364,Medium,0
BK1802,Marine Park-Mill Basin-Bergen Beach,Brooklyn,0,BK1802,MARINE PARK-MILL BASIN-BERGEN BEACH,Marine Park-Mill Basin-Bergen Beach,Brooklyn,44491,106047.0,7.1,3.9,4181,61.1,14.0,128.57142857142858,96.0,0.8571428571428571,0.42857142857142855,4.785714285714286,21.642857142857142,0.0,697.0,344.0,754.0,139.0,0.3146703827740442,0.0,15.666089770964915,16.94724775797352,3.12422737182801,17.117581095364145,Low,0
BK1803,Canarsie,Brooklyn,0,BK1803,CANARSIE,Canarsie,Brooklyn,82938,81336.0,13.7,7.5,14311,49.1,144.0,102.9375,85.0,0.5069444444444444,0.5833333333333334,2.3055555555555554,36.458333333333336,172.0,2631.0,1408.0,2888.0,520.0,1.7362367069377125,12.01872685346936,31.722491499674454,34.82119173358412,6.26974366394174,25.79813624533332,Medium,0
BX0101,Mott Haven-Port Morris,Bronx,0,BX0101,MOTT HAVEN-PORT MORRIS,Mott Haven-Port Morris,Bronx,56669,30199.0,40.5,14.4,20066,61.6,105.0,84.79047619047618,70.0,0.4,0.3523809523809524,3.2,33.23809523809524,190.0,6301.0,3727.0,5347.0,1640.0,1.8528648820342692,9.46875311472142,111.189539254266,94.35493832606892,28.939984824154298,50.02214968300477,High,1
BX0102,Melrose,Bronx,0,BX0102,MELROSE,Melrose,Bronx,40241,32606.0,38.2,15.2,14378,62.5,25.0,79.44,75.0,0.32,0.36,2.72,26.24,0.0,4702.0,2576.0,4423.0,1255.0,0.6212569270147362,0.0,116.84600283293159,109.91277552744714,31.18709773613976,43.551609232755254,High,1
BX0201,Hunts Point,Bronx,0,BX0201,HUNTS POINT,Hunts Point,Bronx,14181,40832.0,29.4,11.8,4800,62.9,19.0,51.0,40.0,0.05263157894736842,0.6842105263157895,13.105263157894736,9.68421052631579,152.0,2484.0,1221.0,3104.0,851.0,1.339820887102461,31.666666666666668,175.16395176644806,218.8844228192652,60.00987236443128,67.57670535714509,High,1
BX0202,Longwood,Bronx,0,BX0202,LONGWOOD,Longwood,Bronx,40945,39181.0,33.4,14.7,12841,58.9,18.0,69.38888888888889,60.0,0.2777777777777778,0.4444444444444444,3.7777777777777777,17.88888888888889,139.0,6203.0,3289.0,6504.0,1935.0,0.4396141164977409,10.824702126002649,151.49590914641593,158.84723409451703,47.25851752350714,52.709135364582785,High,1
BX0301,Morrisania,Bronx,0,BX0301,MORRISANIA,Morrisania,Bronx,35978,32026.0,36.8,15.4,12748,60.0,39.0,109.6923076923077,80.0,0.41025641025641024,0.28205128205128205,1.8717948717948718,21.128205128205128,0.0,7019.0,3567.0,7029.0,2092.0,1.0839957751959532,0.0,195.091444771805,195.3693924064706,58.14664517204959,52.54043473894485,High,1
BX0302,Claremont Village-Claremont (East),Bronx,0,BX0302,CLAREMONT VILLAGE-CLAREMONT (EAST),Claremont Village-Claremont (East),Bronx,22891,28140.0,45.8,14.2,8211,59.3,4.0,77.5,75.0,0.0,0.25,6.25,2.0,0.0,1774.0,968.0,1676.0,483.0,0.1747411646498624,0.0,77.49770652221396,73.21654798829235,21.099995631470883,39.19473606764143,High,1
BX0303,Crotona Park East,Bronx,0,BX0303,CROTONA PARK EAST,Crotona Park East,Bronx,29055,40734.0,30.4,13.1,10201,60.3,14.0,86.85714285714286,72.5,0.35714285714285715,0.35714285714285715,2.142857142857143,35.0,123.0,4632.0,2539.0,4262.0,1279.0,0.4818447771467906,12.057641407705127,159.42178626742384,146.6873171571158,44.01996214076751,52.7511604779893,High,1
BX0401,Concourse-Concourse Village,Bronx,0,BX0401,CONCOURSE-CONCOURSE VILLAGE,Concourse-Concourse Village,Bronx,66808,42205.0,32.8,10.5,23789,62.7,79.0,82.63291139240506,70.0,0.3670886075949367,0.43037974683544306,2.8860759493670884,30.974683544303797,0.0,14503.0,7794.0,14614.0,4552.0,1.1824931145970543,0.0,217.0847802658364,218.74625793318165,68.13555262842773,55.01420842258929,High,1
BX0402,Highbridge,Bronx,0,BX0402,HIGHBRIDGE,Highbridge,Bronx,31667,40312.0,33.7,8.4,11386,58.2,27.0,71.11111111111111,70.0,0.25925925925925924,0.48148148148148145,4.148148148148148,48.81481481481482,173.0,8874.0,5089.0,7128.0,2129.0,0.8526226039725897,15.19409801510627,280.2286291723245,225.0923674487637,67.2308712539868,66.38647704415396,High,1
BX0403,Mount Eden-Claremont (West),Bronx,0,BX0403,MOUNT EDEN-CLAREMONT (WEST),Mount Eden-Claremont (West),Bronx,51156,43385.0,30.3,13.7,16792,58.4,35.0,79.0,58.0,0.2857142857142857,0.4,12.2,23.057142857142857,0.0,10609.0,5159.0,10411.0,3260.0,0.6841817186644773,0.0,207.3852529517554,203.51473922902494,63.726640081319886,50.20263245033122,High,1
BX0501,University Heights (South)-Morris Heights,Bronx,0,BX0501,UNIVERSITY HEIGHTS (SOUTH)-MORRIS HEIGHTS,University Heights (South)-Morris Heights,Bronx,53958,36016.0,34.3,11.7,17665,61.4,31.0,67.2258064516129,50.0,0.16129032258064516,0.5161290322580645,2.129032258064516,37.935483870967744,0.0,9856.0,5626.0,9027.0,2839.0,0.5745209236813819,0.0,182.66058786463546,167.29678638941397,52.614996849401386,49.32023106078581,High,1
BX0502,Mount Hope,Bronx,0,BX0502,MOUNT HOPE,Mount Hope,Bronx,47292,44118.0,31.7,14.4,16423,61.7,25.0,76.2,63.0,0.48,0.36,16.6,18.48,264.0,14363.0,7095.0,13970.0,4411.0,0.5286306352025713,16.07501674480911,303.7088725365812,295.3987989511968,93.27158927514168,70.59009049436233,High,1
BX0503,Fordham Heights,Bronx,0,BX0503,FORDHAM HEIGHTS,Fordham Heights,Bronx,32647,39516.0,32.6,13.8,10479,63.7,15.0,53.266666666666666,45.0,0.06666666666666667,0.4666666666666667,4.333333333333333,10.133333333333333,0.0,8079.0,4876.0,7372.0,2203.0,0.459460287315833,0.0,247.46531074830767,225.80941587282138,67.47940086378534,57.514551444149134,High,1
BX0601,West Farms,Bronx,0,BX0601,WEST FARMS,West Farms,Bronx,17898,28672.0,44.9,18.1,6525,61.7,2.0,122.0,122.0,0.5,0.5,1.5,3.5,0.0,3718.0,2198.0,3675.0,1129.0,0.11174432897530451,0.0,207.73270756509106,205.33020449212202,63.0796737065594,57.072845956661965,High,1
BX0602,Tremont,Bronx,0,BX0602,TREMONT,Tremont,Bronx,32551,37559.0,33.8,12.1,10745,60.1,10.0,78.6,43.0,0.4,0.3,2.2,19.7,0.0,7161.0,3349.0,7029.0,2105.0,0.30721022395625325,0.0,219.99324137507296,215.9380664188504,64.66775214279131,53.87286492891836,High,1
BX0603,Belmont,Bronx,0,BX0603,BELMONT,Belmont,Bronx,36644,32710.0,40.0,13.6,12080,66.4,28.0,65.5,49.5,0.07142857142857142,0.4642857142857143,3.2142857142857144,10.535714285714286,163.0,7037.0,3640.0,7716.0,2263.0,0.7641087217552669,13.493377483443707,192.03689553542188,210.56653203798712,61.7563584761489,66.78004486275375,High,1
BX0701,University Heights (North)-Fordham,Bronx,0,BX0701,UNIVERSITY HEIGHTS (NORTH)-FORDHAM,University Heights (North)-Fordham,Bronx,44356,43366.0,26.7,16.1,14793,66.0,30.0,71.83333333333333,67.0,0.26666666666666666,0.36666666666666664,5.033333333333333,12.6,0.0,9176.0,5437.0,9579.0,3026.0,0.6763459283975111,0.0,206.8716746325187,215.95725493732527,68.22075931102894,52.80811082772691,High,1
BX0702,Bedford Park,Bronx,0,BX0702,BEDFORD PARK,Bedford Park,Bronx,52222,46618.0,25.7,13.5,19150,62.8,38.0,78.5,62.5,0.18421052631578946,0.34210526315789475,2.8684210526315788,27.263157894736842,0.0,11090.0,7314.0,8334.0,2550.0,0.7276626709049826,0.0,212.36260579832256,159.58791314005592,48.82999502125541,47.92601619394666,High,1
BX0703,Norwood,Bronx,0,BX0703,NORWOOD,Norwood,Bronx,39547,48692.0,27.8,9.1,14187,58.1,23.0,75.17391304347827,58.0,0.21739130434782608,0.4782608695652174,3.652173913043478,14.956521739130435,166.0,8648.0,5174.0,7690.0,2216.0,0.5815864667357827,11.700852893494044,218.6765114926543,194.452170834703,56.03459175158672,57.369587813979585,High,1
BX0801,Kingsbridge Heights-Van Cortlandt Village,Bronx,0,BX0801,KINGSBRIDGE HEIGHTS-VAN CORTLANDT VILLAGE,Kingsbridge Heights-Van Cortlandt Village,Bronx,34393,57110.0,23.1,10.4,10977,55.3,33.0,84.66666666666667,75.0,0.30303030303030304,0.36363636363636365,4.636363636363637,23.393939393939394,0.0,5891.0,3895.0,4601.0,1387.0,0.9594975721803856,0.0,171.28485447620156,133.7772221091501,40.327973715581656,39.22154543296416,High,1
BX0802,Kingsbridge-Marble Hill,Bronx,0,BX0802,KINGSBRIDGE-MARBLE HILL,Kingsbridge-Marble Hill,Bronx,24166,52386.0,30.4,8.1,7984,60.0,31.0,84.19354838709677,80.0,0.3870967741935484,0.3225806451612903,3.4516129032258065,13.451612903225806,0.0,3263.0,1997.0,2924.0,764.0,1.2827940081105684,0.0,135.02441446660598,120.99644128113879,31.614665232144333,41.34938425683828,High,1
BX0803,Riverdale-Spuyten Duyvil,Bronx,0,BX0803,RIVERDALE-SPUYTEN DUYVIL,Riverdale-Spuyten Duyvil,Bronx,47218,109535.0,6.2,5.5,8144,45.4,36.0,153.33333333333334,87.5,0.4444444444444444,0.5,19.555555555555557,19.333333333333332,0.0,1486.0,1098.0,857.0,220.0,0.7624211105934178,0.0,31.471049176161635,18.14985810495997,4.659240120293108,11.044199895970811,Low,0
BX0901,Soundview-Bruckner-Bronx River,Bronx,0,BX0901,SOUNDVIEW-BRUCKNER-BRONX RIVER,Soundview-Bruckner-Bronx River,Bronx,67539,43452.0,30.3,9.4,21146,61.3,26.0,52.57692307692308,45.0,0.19230769230769232,0.2692307692307692,2.4615384615384617,29.03846153846154,0.0,9761.0,5701.0,10923.0,3236.0,0.3849627622558818,0.0,144.5239047069101,161.72877892773064,47.91305764077052,44.56968270368635,High,1
BX0902,Soundview-Clason Point,Bronx,0,BX0902,SOUNDVIEW-CLASON POINT,Soundview-Clason Point,Bronx,36633,51609.0,24.8,13.1,9504,55.3,24.0,107.16666666666667,77.5,0.375,0.5,2.0833333333333335,15.375,0.0,1628.0,1038.0,1275.0,317.0,0.6551469986078127,0.0,44.440804738896624,34.80468430104004,8.653399939944858,25.20267695190071,Medium,0
BX0903,Castle Hill-Unionport,Bronx,0,BX0903,CASTLE HILL-UNIONPORT,Castle Hill-Unionport,Bronx,36636,51834.0,22.9,8.8,8638,61.2,17.0,94.94117647058823,85.0,0.5294117647058824,0.35294117647058826,2.2941176470588234,16.647058823529413,0.0,3006.0,1658.0,2849.0,670.0,0.46402445681842996,0.0,82.05044218801179,77.76503985151217,18.28802270990283,32.107864491605646,Medium,0
BX0904,Parkchester,Bronx,0,BX0904,PARKCHESTER,Parkchester,Bronx,29846,61442.0,22.4,10.8,9649,55.2,24.0,79.08333333333333,67.0,0.3333333333333333,0.375,5.75,20.0,105.0,2187.0,1438.0,1461.0,300.0,0.8041278563291563,10.881956679448649,73.27615090799438,48.95128325403739,10.051598204114455,34.645450240410874,High,0
BX1001,Westchester Square,Bronx,0,BX1001,WESTCHESTER SQUARE,Westchester Square,Bronx,15387,55166.0,23.4,6.7,4115,67.3,9.0,128.55555555555554,70.0,0.4444444444444444,0.2222222222222222,1.8888888888888888,16.0,0.0,1666.0,812.0,2205.0,593.0,0.5849093390524469,0.0,108.27321765126405,143.3027880678495,38.53902645090011,40.86787622861592,High,1
BX1002,Throgs Neck-Schuylerville,Bronx,0,BX1002,THROGS NECK-SCHUYLERVILLE,Throgs Neck-Schuylerville,Bronx,48695,84453.0,14.3,7.5,8618,50.5,36.0,82.91666666666667,70.0,0.3611111111111111,0.4166666666666667,2.0,32.47222222222222,0.0,1085.0,706.0,1236.0,241.0,0.7392956155662799,0.0,22.281548413594823,25.382482801108946,4.949173426429818,16.5696203261578,Low,0
BX1003,Pelham Bay-Country Club-City Island,Bronx,0,BX1003,PELHAM BAY-COUNTRY CLUB-CITY ISLAND,Pelham Bay-Country Club-City Island,Bronx,27665,75987.0,12.3,8.2,6278,61.0,33.0,135.57575757575756,95.0,0.6363636363636364,0.30303030303030304,2.303030303030303,35.90909090909091,60.0,1774.0,1008.0,1163.0,188.0,1.1928429423459246,9.557183816502071,64.12434484005061,42.03867702873667,6.795590095788903,31.19577692649273,Medium,0
BX1004,Co-op City,Bronx,0,BX1004,CO-OP CITY,Co-op City,Bronx,36615,64204.0,11.7,6.5,8923,47.2,2.0,77.5,77.5,0.0,1.0,2.5,17.0,78.0,600.0,347.0,718.0,67.0,0.05462242250443807,8.741454667712654,16.386726751331423,19.60944967909327,1.8298511538986755,19.02797940709116,Low,0
BX1101,Pelham Parkway-Van Nest,Bronx,0,BX1101,PELHAM PARKWAY-VAN NEST,Pelham Parkway-Van Nest,Bronx,28565,68188.0,18.3,10.2,8416,56.5,31.0,78.12903225806451,50.0,0.41935483870967744,0.45161290322580644,4.516129032258065,21.70967741935484,0.0,4607.0,3229.0,3139.0,719.0,1.0852441799404866,0.0,161.28128828986522,109.88972518816733,25.170663399264836,35.66321407315618,High,0
BX1102,Morris Park,Bronx,0,BX1102,MORRIS PARK,Morris Park,Bronx,22818,78057.0,12.8,7.3,5534,58.6,17.0,82.6470588235294,65.0,0.23529411764705882,0.23529411764705882,2.764705882352941,16.58823529411765,0.0,1656.0,1266.0,979.0,193.0,0.7450258567797353,0.0,72.57428346042597,42.90472434043299,8.458234726969936,24.044107710844624,Medium,0
BX1103,Pelham Gardens,Bronx,0,BX1103,PELHAM GARDENS,Pelham Gardens,Bronx,28561,89199.0,12.5,7.1,4092,57.4,45.0,87.91111111111111,70.0,0.5333333333333333,0.3333333333333333,2.511111111111111,39.2,0.0,737.0,539.0,506.0,90.0,1.5755750849059906,0.0,25.80441861279367,17.716466510276252,3.1511501698119813,19.085312527882028,Low,0
BX1104,Allerton,Bronx,0,BX1104,ALLERTON,Allerton,Bronx,33558,45598.0,24.7,10.7,11890,59.3,24.0,85.16666666666667,66.5,0.4166666666666667,0.4583333333333333,2.0416666666666665,52.208333333333336,0.0,4180.0,2496.0,4471.0,1243.0,0.7151796888968354,0.0,124.56046248286547,133.23201621073963,37.04034805411526,38.380186041664665,High,1
BX1201,Williamsbridge-Olinville,Bronx,0,BX1201,WILLIAMSBRIDGE-OLINVILLE,Williamsbridge-Olinville,Bronx,57777,54678.0,24.5,9.6,14826,62.0,51.0,87.70588235294117,63.0,0.35294117647058826,0.6078431372549019,5.647058823529412,25.705882352941178,327.0,11341.0,5572.0,10484.0,3034.0,0.8827041902487149,22.055847834884663,196.2891808158956,181.45628883465739,52.51224535714904,62.81791748673792,High,1
BX1202,Eastchester-Edenwald-Baychester,Bronx,0,BX1202,EASTCHESTER-EDENWALD-BAYCHESTER,Eastchester-Edenwald-Baychester,Bronx,53147,69232.0,18.2,9.8,10069,54.4,45.0,101.11111111111111,75.0,0.4444444444444444,0.5777777777777777,3.7111111111111112,19.42222222222222,127.0,2592.0,1355.0,2453.0,575.0,0.8467081867273787,12.612970503525673,48.77039155549702,46.155004045383556,10.819049052627618,31.91161552077542,Medium,0
BX1203,Wakefield-Woodlawn,Bronx,0,BX1203,WAKEFIELD-WOODLAWN,Wakefield-Woodlawn,Bronx,49697,77649.0,17.0,9.1,9909,54.7,39.0,82.28205128205128,60.0,0.41025641025641024,0.46153846153846156,3.358974358974359,34.05128205128205,0.0,5391.0,3155.0,4616.0,1298.0,0.7847556190514517,0.0,108.47737287965069,92.88287019337184,26.11827675714832,29.551650802111862,Medium,0
MN0101,Financial District-Battery Park City,Manhattan,0,MN0101,FINANCIAL DISTRICT-BATTERY PARK CITY,Financial District-Battery Park City,Manhattan,48608,198961.0,6.1,3.5,17757,39.5,801.0,222.43820224719101,200.0,0.7640449438202247,0.5580524344569289,13.96629213483146,9.675405742821473,0.0,357.0,258.0,221.0,29.0,16.47876892692561,0.0,7.344470046082949,4.546576695194207,0.5966096115865701,13.497959800163436,Low,0
MN0102,Tribeca-Civic Center,Manhattan,0,MN0102,TRIBECA-CIVIC CENTER,Tribeca-Civic Center,Manhattan,23257,200000.0,6.1,2.7,5622,40.1,226.0,324.78761061946904,269.0,0.7876106194690266,0.3185840707964602,10.517699115044248,10.376106194690266,0.0,267.0,203.0,339.0,101.0,9.717504407275229,0.0,11.480414498860558,14.576256610912845,4.342778518295567,11.383985091042987,Low,0
MN0201,SoHo-Little Italy-Hudson Square,Manhattan,0,MN0201,SOHO-LITTLE ITALY-HUDSON SQUARE,SoHo-Little Italy-Hudson Square,Manhattan,22167,132900.0,9.9,3.7,9637,42.9,775.0,225.09677419354838,179.0,0.6477419354838709,0.2296774193548387,6.96516129032258,21.188387096774193,0.0,1663.0,1145.0,2065.0,434.0,34.9618802724771,0.0,75.02142824919926,93.15649388730996,19.578652952587177,35.28292136273133,High,0
MN0202,Greenwich Village,Manhattan,0,MN0202,GREENWICH VILLAGE,Greenwich Village,Manhattan,31517,174062.0,7.4,5.8,9476,41.4,481.0,238.12889812889813,200.0,0.7713097713097713,0.22661122661122662,14.226611226611226,15.792099792099792,0.0,919.0,719.0,795.0,195.0,15.261604848177175,0.0,29.158866643398802,25.2244820255735,6.187137100612368,17.043984616003343,Low,0
MN0203,West Village,Manhattan,0,MN0203,WEST VILLAGE,West Village,Manhattan,32518,168629.0,6.2,7.4,13323,38.9,768.0,247.3046875,200.0,0.8502604166666666,0.22135416666666666,7.774739583333333,19.352864583333332,35.0,1570.0,1055.0,1470.0,297.0,23.61768866473953,2.6270359528634692,48.2809520880743,45.205732209853004,9.13340303831724,23.80280058484769,Medium,0
MN0301,Chinatown-Two Bridges,Manhattan,0,MN0301,CHINATOWN-TWO BRIDGES,Chinatown-Two Bridges,Manhattan,38769,34385.0,30.2,10.8,16170,54.8,527.0,141.4079696394687,119.0,0.4781783681214421,0.2732447817836812,6.998102466793169,26.717267552182165,0.0,1371.0,974.0,1941.0,560.0,13.593334880961592,0.0,35.3633057339627,50.06577420103691,14.444530423792205,33.83576720023561,High,0
MN0302,Lower East Side,Manhattan,0,MN0302,LOWER EAST SIDE,Lower East Side,Manhattan,46107,58841.0,22.6,6.5,16269,48.8,785.0,172.343949044586,145.0,0.5987261146496815,0.2445859872611465,5.33375796178344,27.271337579617835,84.0,2747.0,1904.0,2283.0,560.0,17.025614331880192,5.163193804167435,59.57880582124189,49.51525798685666,12.145661179430455,34.80625598015343,High,0
MN0303,East Village,Manhattan,0,MN0303,EAST VILLAGE,East Village,Manhattan,68412,76136.0,22.3,5.6,29157,46.6,1839.0,176.36215334420882,150.0,0.6302338227297444,0.18923327895595432,6.432300163132137,24.258292550299075,27.0,4957.0,3326.0,5208.0,1129.0,26.881248903701103,0.9260211955962547,72.45804829562066,76.12699526398877,16.502952698357014,37.97842275462022,High,1
MN0401,Chelsea-Hudson Yards,Manhattan,0,MN0401,CHELSEA-HUDSON YARDS,Chelsea-Hudson Yards,Manhattan,61878,126272.0,12.3,5.6,26683,45.3,1197.0,225.48621553884712,195.0,0.7126148705096074,0.3433583959899749,9.657477025898078,19.405179615705933,0.0,2670.0,1798.0,2566.0,550.0,19.344516629496752,0.0,43.14942305827596,41.468696467242,8.888457933352726,24.778611491937177,Medium,0
MN0402,Hell's Kitchen,Manhattan,0,MN0402,HELL'S KITCHEN,Hell's Kitchen,Manhattan,55221,105839.0,12.3,5.4,28187,43.8,1693.0,195.70702894270525,163.0,0.6261075014766686,0.364441819255759,8.216184288245717,27.632014176018902,0.0,3964.0,2302.0,3520.0,883.0,30.658626247261004,0.0,71.78428496405354,63.743865558392635,15.99029354774452,32.869534945589294,Medium,0
MN0501,Midtown South-Flatiron-Union Square,Manhattan,0,MN0501,MIDTOWN SOUTH-FLATIRON-UNION SQUARE,Midtown South-Flatiron-Union Square,Manhattan,29670,182280.0,12.8,6.0,11088,40.8,513.0,238.99220272904483,192.0,0.6374269005847953,0.4191033138401559,8.859649122807017,18.093567251461987,0.0,913.0,621.0,637.0,103.0,17.290192113245705,0.0,30.771823390630267,21.469497809234916,3.4715200539265254,19.92399358085509,Low,0
MN0502,Midtown-Times Square,Manhattan,0,MN0502,MIDTOWN-TIMES SQUARE,Midtown-Times Square,Manhattan,21949,148446.0,12.8,5.2,9317,39.0,779.0,271.78433889602053,227.0,0.6392811296534018,0.5109114249037228,12.061617458279846,10.913992297817716,0.0,1223.0,702.0,834.0,144.0,35.491366349264204,0.0,55.720078363478976,37.997175269943966,6.560663355961547,30.10720755540796,Medium,0
MN0601,Stuyvesant Town-Peter Cooper Village,Manhattan,0,MN0601,STUYVESANT TOWN-PETER COOPER VILLAGE,Stuyvesant Town-Peter Cooper Village,Manhattan,21963,160855.0,7.5,4.2,10690,30.5,37.0,150.16216216216216,115.0,0.32432432432432434,0.1891891891891892,10.0,8.162162162162161,0.0,338.0,320.0,32.0,14.0,1.6846514592724127,0.0,15.389518736056095,1.4569958566680326,0.6374356872922642,3.246728553579182,Low,0
MN0602,Gramercy,Manhattan,0,MN0602,GRAMERCY,Gramercy,Manhattan,26523,153720.0,11.7,3.1,8396,45.8,443.0,206.05417607223475,175.0,0.7358916478555305,0.26636568848758463,9.884875846501128,21.054176072234764,19.0,1240.0,955.0,724.0,185.0,16.702484635976322,2.262982372558361,46.75187573049806,27.297062926516606,6.975078233985597,24.440244865881134,Medium,0
MN0603,Murray Hill-Kips Bay,Manhattan,0,MN0603,MURRAY HILL-KIPS BAY,Murray Hill-Kips Bay,Manhattan,54905,141463.0,8.2,3.2,21794,46.4,924.0,208.62012987012986,175.0,0.7738095238095238,0.4231601731601732,13.374458874458874,10.941558441558442,32.0,1518.0,1081.0,1185.0,219.0,16.829068390856936,1.4682940258786823,27.64775521355068,21.58273381294964,3.9887077679628447,21.092295573016298,Low,0
MN0604,East Midtown-Turtle Bay,Manhattan,0,MN0604,EAST MIDTOWN-TURTLE BAY,East Midtown-Turtle Bay,Manhattan,41969,170196.0,7.4,5.9,12932,48.3,716.0,268.70251396648047,200.0,0.7416201117318436,0.43854748603351956,12.312849162011172,13.674581005586592,0.0,1188.0,916.0,1010.0,231.0,17.06021110819891,0.0,28.306607257737852,24.06538159117444,5.504062522337916,20.885716633798257,Low,0
MN0701,Upper West Side-Lincoln Square,Manhattan,0,MN0701,UPPER WEST SIDE-LINCOLN SQUARE,Upper West Side-Lincoln Square,Manhattan,68212,164712.0,10.8,6.1,22216,42.9,475.0,226.21684210526317,190.0,0.76,0.2863157894736842,10.574736842105263,20.812631578947368,0.0,1339.0,936.0,1151.0,233.0,6.963584120096171,0.0,19.62997713012373,16.87386383627514,3.415821263120858,13.990299847226465,Low,0
MN0702,Upper West Side (Central),Manhattan,0,MN0702,UPPER WEST SIDE (CENTRAL),Upper West Side (Central),Manhattan,99128,159333.0,8.3,3.9,29882,42.5,823.0,192.1883353584447,151.0,0.7436208991494532,0.27460510328068044,9.612393681652492,17.136087484811664,0.0,4850.0,3360.0,4641.0,1078.0,8.302396900976516,0.0,48.92664030344605,46.81825518521507,10.874828504559762,17.199691192441556,Low,0
MN0703,Upper West Side-Manhattan Valley,Manhattan,0,MN0703,UPPER WEST SIDE-MANHATTAN VALLEY,Upper West Side-Manhattan Valley,Manhattan,51421,100165.0,16.6,7.5,16529,47.0,676.0,143.9541420118343,100.0,0.41863905325443784,0.2529585798816568,8.6301775147929,18.0,0.0,4797.0,2721.0,5220.0,1242.0,13.146379883705102,0.0,93.2887341747535,101.51494525582933,24.153555940180084,31.400068371796547,Medium,0
MN0801,Upper East Side-Lenox Hill-Roosevelt Island,Manhattan,0,MN0801,UPPER EAST SIDE-LENOX HILL-ROOSEVELT ISLAND,Upper East Side-Lenox Hill-Roosevelt Island,Manhattan,79296,137355.0,8.8,4.1,29413,42.7,802.0,164.2069825436409,140.0,0.6895261845386533,0.32418952618453867,8.786783042394015,16.961346633416458,0.0,2521.0,1735.0,2195.0,575.0,10.114003228410008,0.0,31.79227199354318,27.681093623890234,7.251311541565779,16.05708999431416,Low,0
MN0802,Upper East Side-Carnegie Hill,Manhattan,0,MN0802,UPPER EAST SIDE-CARNEGIE HILL,Upper East Side-Carnegie Hill,Manhattan,54062,200000.0,5.1,4.6,10896,40.0,315.0,208.65396825396826,165.0,0.7587301587301587,0.29523809523809524,9.320634920634921,18.428571428571427,22.0,1292.0,931.0,1458.0,327.0,5.826643483407939,2.0190895741556534,23.898486922422403,26.96903555177389,6.048610854204433,12.039391907255578,Low,0
MN0803,Upper East Side-Yorkville,Manhattan,0,MN0803,UPPER EAST SIDE-YORKVILLE,Upper East Side-Yorkville,Manhattan,78950,147475.0,7.3,4.8,29218,39.3,757.0,167.60634081902245,140.0,0.7080581241743725,0.2892998678996037,9.344782034346103,17.813738441215325,0.0,2547.0,1779.0,2379.0,516.0,9.588347055098163,0.0,32.26092463584547,30.13299556681444,6.535782140595313,13.820801602091906,Low,0
MN0901,Morningside Heights,Manhattan,0,MN0901,MORNINGSIDE HEIGHTS,Morningside Heights,Manhattan,37984,87452.0,24.2,9.4,9641,49.4,361.0,113.35180055401662,98.0,0.43213296398891965,0.10803324099722991,5.573407202216067,15.013850415512465,31.0,1605.0,1156.0,1859.0,433.0,9.504001684919967,3.215434083601286,42.25463352990732,48.941659646166805,11.399536647009267,29.541420639028875,Medium,0
MN0902,Manhattanville-West Harlem,Manhattan,0,MN0902,MANHATTANVILLE-WEST HARLEM,Manhattanville-West Harlem,Manhattan,22260,46819.0,29.1,13.0,7818,54.0,334.0,96.02694610778443,70.0,0.25449101796407186,0.24550898203592814,6.224550898203593,25.44311377245509,0.0,4440.0,2584.0,6022.0,1665.0,15.00449236298293,0.0,199.46091644204853,270.53009883198564,74.7978436657682,58.17449990992457,High,1
MN0903,Hamilton Heights-Sugar Hill,Manhattan,0,MN0903,HAMILTON HEIGHTS-SUGAR HILL,Hamilton Heights-Sugar Hill,Manhattan,52530,68527.0,23.6,9.9,16711,51.5,753.0,100.68791500664011,75.0,0.3253652058432935,0.2775564409030544,7.324037184594953,28.278884462151396,0.0,10684.0,6470.0,11713.0,3069.0,14.33466590519703,0.0,203.3885398819722,222.97734627831713,58.423757852655626,51.78131370444237,High,1
MN1001,Harlem (South),Manhattan,0,MN1001,HARLEM (SOUTH),Harlem (South),Manhattan,48803,74007.0,18.0,8.1,16422,45.0,716.0,137.02793296089385,105.0,0.45391061452513964,0.3100558659217877,6.215083798882682,29.337988826815643,0.0,7187.0,4062.0,7566.0,1958.0,14.671229227711411,0.0,147.26553695469542,155.03145298444767,40.12048439645103,38.73272975219056,High,1
MN1002,Harlem (North),Manhattan,0,MN1002,HARLEM (NORTH),Harlem (North),Manhattan,86090,51386.0,27.3,12.4,32370,53.5,826.0,115.33292978208233,92.5,0.4430992736077482,0.30145278450363194,5.916464891041162,28.75181598062954,0.0,13221.0,8193.0,11404.0,3048.0,9.59461029155535,0.0,153.5718434196771,132.466023928447,35.404808920896734,43.09069773594449,High,1
MN1101,East Harlem (South),Manhattan,0,MN1101,EAST HARLEM (SOUTH),East Harlem (South),Manhattan,58607,42076.0,29.2,9.8,23952,52.6,489.0,121.68916155419222,100.0,0.41922290388548056,0.22699386503067484,6.576687116564417,35.74437627811861,0.0,4684.0,2933.0,4840.0,1216.0,8.343713208319826,0.0,79.9221935946218,82.58399167334959,20.748374767519238,34.87326622736045,High,0
MN1102,East Harlem (North),Manhattan,0,MN1102,EAST HARLEM (NORTH),East Harlem (North),Manhattan,63526,39957.0,33.9,10.6,25378,58.1,646.0,125.43653250773994,98.0,0.4520123839009288,0.2739938080495356,5.414860681114551,30.287925696594428,0.0,6571.0,3834.0,8583.0,2409.0,10.169064634952619,0.0,103.43796240909234,135.1100336869943,37.92148096842238,44.99452617152893,High,1
MN1201,Washington Heights (South),Manhattan,0,MN1201,WASHINGTON HEIGHTS (SOUTH),Washington Heights (South),Manhattan,74814,56929.0,22.2,14.2,25786,58.6,558.0,86.4820788530466,68.0,0.2956989247311828,0.27598566308243727,7.050179211469534,21.059139784946236,0.0,14522.0,8386.0,18117.0,5040.0,7.458497072740396,0.0,194.1080546421793,242.16055818429706,67.36707033442939,51.58514288887785,High,1
MN1202,Washington Heights (North),Manhattan,0,MN1202,WASHINGTON HEIGHTS (NORTH),Washington Heights (North),Manhattan,75554,78465.0,13.5,12.0,23902,49.9,413.0,93.62469733656174,80.0,0.387409200968523,0.23728813559322035,4.709443099273607,15.368038740920097,0.0,11617.0,7323.0,11306.0,3060.0,5.466289011832597,0.0,153.75757736188686,149.64131614474417,40.50083384069672,34.687059486492814,High,0
MN1203,Inwood,Manhattan,0,MN1203,INWOOD,Inwood,Manhattan,38209,68523.0,14.9,8.3,13698,48.1,143.0,86.6923076923077,75.0,0.38461538461538464,0.24475524475524477,6.244755244755245,21.44055944055944,0.0,7880.0,4742.0,9326.0,2564.0,3.7425737391713993,0.0,206.23413331937502,244.07862022036693,67.10460886178649,42.91725032552798,High,1
QN0101,Astoria (North)-Ditmars-Steinway,Queens,0,QN0101,ASTORIA (NORTH)-DITMARS-STEINWAY,Astoria (North)-Ditmars-Steinway,Queens,48941,99639.0,9.8,7.4,14738,43.6,324.0,94.68827160493827,76.5,0.38271604938271603,0.30246913580246915,4.089506172839506,24.71604938271605,0.0,1530.0,1038.0,1609.0,240.0,6.620216178664106,0.0,31.262131954802722,32.876320467501685,4.903863836047486,15.473247801672393,Low,0
QN0102,Old Astoria-Hallets Point,Queens,0,QN0102,OLD ASTORIA-HALLETS POINT,Old Astoria-Hallets Point,Queens,13542,92319.0,19.1,7.6,4824,49.6,98.0,112.36734693877551,93.0,0.40816326530612246,0.22448979591836735,4.3979591836734695,21.622448979591837,0.0,783.0,467.0,899.0,206.0,7.236744941662975,0.0,57.820115197164384,66.38605818933688,15.21193324472013,26.23475510274979,Medium,0
QN0103,Astoria (Central),Queens,0,QN0103,ASTORIA (CENTRAL),Astoria (Central),Queens,47901,106539.0,9.7,6.5,20413,38.5,530.0,107.91509433962264,91.0,0.47547169811320755,0.27735849056603773,5.843396226415094,18.22830188679245,0.0,2183.0,1492.0,1965.0,328.0,11.064487171457799,0.0,45.573161311872404,41.02210809795202,6.847456211770109,16.753700841559045,Low,0
QN0104,Astoria (East)-Woodside (North),Queens,0,QN0104,ASTORIA (EAST)-WOODSIDE (NORTH),Astoria (East)-Woodside (North),Queens,37591,79177.0,10.8,8.1,13076,48.9,365.0,99.18630136986302,80.0,0.3561643835616438,0.34794520547945207,6.632876712328767,26.328767123287673,0.0,1435.0,884.0,1683.0,313.0,9.709770955813891,0.0,38.174031018062834,44.77135484557474,8.32646112101301,20.961708089176543,Low,0
QN0105,Queensbridge-Ravenswood-Dutch Kills,Queens,0,QN0105,QUEENSBRIDGE-RAVENSWOOD-DUTCH KILLS,Queensbridge-Ravenswood-Dutch Kills,Queens,27497,63572.0,20.7,8.5,10902,47.7,216.0,115.55555555555556,89.0,0.37037037037037035,0.37037037037037035,5.398148148148148,22.74074074074074,0.0,650.0,402.0,963.0,255.0,7.855402407535368,0.0,23.63894243008328,35.02200240026185,9.273738953340365,22.141510709600123,Medium,0
QN0201,Long Island City-Hunters Point,Queens,0,QN0201,LONG ISLAND CITY-HUNTERS POINT,Long Island City-Hunters Point,Queens,28430,162099.0,7.3,4.7,10967,33.7,211.0,141.9004739336493,120.0,0.5308056872037915,0.2132701421800948,8.289099526066352,23.85308056872038,0.0,488.0,353.0,449.0,69.0,7.421737601125572,0.0,17.16496658459374,15.793176222300385,2.427013717903623,8.36511046537116,Low,0
QN0202,Sunnyside,Queens,0,QN0202,SUNNYSIDE,Sunnyside,Queens,47507,80933.0,11.9,6.4,16484,50.0,372.0,84.71236559139786,75.0,0.3736559139784946,0.34139784946236557,6.879032258064516,23.182795698924732,0.0,2587.0,1907.0,1900.0,447.0,7.8304249900014735,0.0,54.45513292777907,39.99410613172795,9.409139705727577,21.825065626253693,Medium,0
QN0203,Woodside,Queens,0,QN0203,WOODSIDE,Woodside,Queens,47886,76333.0,8.3,4.6,12813,48.9,227.0,79.70044052863436,60.0,0.2555066079295154,0.4185022026431718,10.123348017621145,21.004405286343612,40.0,1543.0,904.0,2026.0,472.0,4.740425176460762,3.121829392023726,32.22236144175751,42.30881677316961,9.856743098191538,19.132573913071486,Low,0
QN0301,Jackson Heights,Queens,0,QN0301,JACKSON HEIGHTS,Jackson Heights,Queens,94474,76981.0,14.0,8.9,21303,54.7,225.0,83.56444444444445,67.0,0.30666666666666664,0.41333333333333333,4.528888888888889,30.004444444444445,92.0,3449.0,2196.0,3416.0,741.0,2.381607638080318,4.318640567056283,36.5073988610623,36.15809640747719,7.843427821411182,23.765244852296867,Medium,0
QN0302,East Elmhurst,Queens,0,QN0302,EAST ELMHURST,East Elmhurst,Queens,27782,81328.0,14.0,6.0,3952,54.9,112.0,75.21428571428571,60.0,0.26785714285714285,0.30357142857142855,1.25,107.90178571428571,16.0,861.0,480.0,1042.0,215.0,4.0313872291411705,4.048582995951417,30.99128932402275,37.506299042545535,7.738823698797782,24.172453412901728,Medium,0
QN0303,North Corona,Queens,0,QN0303,NORTH CORONA,North Corona,Queens,39689,80332.0,17.2,4.4,7410,55.0,28.0,84.57142857142857,68.0,0.35714285714285715,0.2857142857142857,2.2142857142857144,46.357142857142854,31.0,1260.0,713.0,1811.0,428.0,0.7054851470180654,4.183535762483131,31.746831615812944,45.629771473204165,10.783844390133286,24.60111541740395,Medium,0
QN0401,Elmhurst,Queens,0,QN0401,ELMHURST,Elmhurst,Queens,101254,71466.0,12.0,5.4,23978,58.7,248.0,80.2741935483871,59.5,0.2540322580645161,0.31048387096774194,7.487903225806452,22.358870967741936,70.0,7436.0,6038.0,3385.0,726.0,2.4492859541351453,2.9193427308366,73.43907401189088,33.43077804333656,7.17008710766982,26.10366073614635,Medium,0
QN0402,Corona,Queens,0,QN0402,CORONA,Corona,Queens,67362,66188.0,19.0,7.0,15834,54.6,63.0,59.0,40.0,0.20634920634920634,0.6349206349206349,2.2857142857142856,28.666666666666668,125.0,2088.0,1198.0,2627.0,544.0,0.9352453905762893,7.8944044461285845,30.99670437338559,38.998248270538284,8.07576972180161,27.440741518099298,Medium,0
QN0501,Maspeth,Queens,0,QN0501,MASPETH,Maspeth,Queens,42029,85360.0,13.1,6.7,6839,57.3,71.0,91.16901408450704,75.0,0.5070422535211268,0.4507042253521127,4.183098591549296,25.225352112676056,25.0,471.0,309.0,732.0,104.0,1.6893097623069786,3.655505190817371,11.206547859811083,17.41654571843251,2.4744819053510674,20.902822540002578,Low,0
QN0502,Ridgewood,Queens,0,QN0502,RIDGEWOOD,Ridgewood,Queens,68356,83952.0,13.0,7.1,20031,47.4,442.0,78.91176470588235,60.0,0.31447963800904977,0.28054298642533937,7.873303167420814,18.733031674208146,53.0,3678.0,2367.0,5600.0,1279.0,6.466147814383522,2.6458988567720034,53.806542220141615,81.92404470712154,18.710866639358652,24.814326178618547,Medium,0
QN0503,Glendale,Queens,0,QN0503,GLENDALE,Glendale,Queens,36140,93584.0,8.5,5.1,6341,44.8,40.0,83.025,65.0,0.475,0.45,3.25,27.975,20.0,1195.0,488.0,987.0,187.0,1.1068068622025455,3.1540766440624504,33.06585500830105,27.310459324847812,5.174322080796901,14.787571366012406,Low,0
QN0504,Middle Village,Queens,0,QN0504,MIDDLE VILLAGE,Middle Village,Queens,34652,92989.0,7.3,4.3,5457,49.9,29.0,114.75862068965517,100.0,0.7241379310344828,0.5517241379310345,6.482758620689655,32.86206896551724,23.0,291.0,207.0,435.0,68.0,0.8368925314556158,4.214770020157595,8.3977836777098,12.553387971834237,1.9623686944476508,14.617226758800367,Low,0
QN0601,Rego Park,Queens,0,QN0601,REGO PARK,Rego Park,Queens,29500,80469.0,12.7,5.8,6942,55.5,92.0,84.92391304347827,69.0,0.358695652173913,0.29347826086956524,4.934782608695652,22.315217391304348,23.0,953.0,594.0,841.0,178.0,3.1186440677966103,3.313166234514549,32.30508474576271,28.508474576271187,6.033898305084746,22.478212269355392,Medium,0
QN0602,Forest Hills,Queens,0,QN0602,FOREST HILLS,Forest Hills,Queens,91631,103420.0,9.4,4.3,20602,48.9,166.0,106.12048192771084,75.0,0.41566265060240964,0.37349397590361444,6.801204819277109,24.253012048192772,60.0,2637.0,1882.0,1637.0,292.0,1.8116139734369372,2.912338607902145,28.778470168392793,17.865132979013655,3.186694459298709,16.31897903244473,Low,0
QN0701,College Point,Queens,0,QN0701,COLLEGE POINT,College Point,Queens,30880,91788.0,9.1,9.4,4590,58.8,20.0,96.1,62.5,0.55,0.4,4.05,22.25,21.0,469.0,258.0,587.0,80.0,0.6476683937823834,4.575163398692811,15.187823834196891,19.009067357512954,2.5906735751295336,20.38923173652408,Low,0
QN0702,Whitestone-Beechhurst,Queens,0,QN0702,WHITESTONE-BEECHHURST,Whitestone-Beechhurst,Queens,28685,96690.0,9.0,8.7,3299,56.0,10.0,93.3,47.0,0.2,0.4,1.9,24.3,0.0,149.0,88.0,119.0,6.0,0.3486142583231654,0.0,5.194352449015165,4.148509674045668,0.20916855499389925,14.162381646715371,Low,0
QN0703,Bay Terrace-Clearview,Queens,0,QN0703,BAY TERRACE-CLEARVIEW,Bay Terrace-Clearview,Queens,23405,104357.0,8.8,5.3,2222,43.0,6.0,142.0,141.5,0.5,0.5,2.5,41.5,0.0,119.0,64.0,135.0,5.0,0.2563554795983764,0.0,5.0843836787011325,5.76799829096347,0.21362956633198035,8.28436733624152,Low,0
QN0704,Murray Hill-Broadway Flushing,Queens,0,QN0704,MURRAY HILL-BROADWAY FLUSHING,Murray Hill-Broadway Flushing,Queens,53856,73518.0,17.1,5.2,9726,62.0,69.0,90.2463768115942,63.0,0.17391304347826086,0.2898550724637681,3.2318840579710146,21.768115942028984,0.0,1816.0,1202.0,1157.0,253.0,1.2811942959001783,0.0,33.71954842543077,21.48321449792038,4.697712418300654,23.72118813466821,Medium,0
QN0705,East Flushing,Queens,0,QN0705,EAST FLUSHING,East Flushing,Queens,30054,59016.0,16.1,7.1,6240,65.7,93.0,94.6236559139785,59.0,0.22580645161290322,0.6129032258064516,1.978494623655914,49.73118279569893,18.0,788.0,539.0,613.0,113.0,3.0944300259532844,2.8846153846153846,26.21947161775471,20.396619418380247,3.7598988487389366,27.283635345591794,Medium,0
QN0706,Queensboro Hill,Queens,0,QN0706,QUEENSBORO HILL,Queensboro Hill,Queens,19882,73641.0,14.5,5.4,2814,73.1,68.0,64.45588235294117,55.0,0.10294117647058823,0.22058823529411764,2.926470588235294,48.35294117647059,15.0,185.0,117.0,241.0,24.0,3.4201790564329544,5.330490405117271,9.304898903530832,12.12151695000503,1.2071220199175132,27.684797146055278,Medium,0
QN0707,Flushing-Willets Point,Queens,0,QN0707,FLUSHING-WILLETS POINT,Flushing-Willets Point,Queens,59755,51113.0,21.8,7.8,18939,62.5,157.0,92.18471337579618,75.0,0.31210191082802546,0.3503184713375796,4.611464968152866,26.88535031847134,0.0,2390.0,1649.0,1708.0,404.0,2.6273951970546396,0.0,39.996652999748974,28.58338214375366,6.760940507070538,27.442794527115687,Medium,0
QN0801,Kew Gardens Hills,Queens,0,QN0801,KEW GARDENS HILLS,Kew Gardens Hills,Queens,35473,85596.0,11.9,6.2,6149,54.3,27.0,108.4074074074074,90.0,0.6296296296296297,0.2222222222222222,3.3333333333333335,13.11111111111111,36.0,1071.0,561.0,752.0,122.0,0.7611422772249317,5.854610505773296,30.191976996588956,21.19922194344995,3.4392354748682097,21.653285123439485,Low,0
QN0802,Pomonok-Electchester-Hillcrest,Queens,0,QN0802,POMONOK-ELECTCHESTER-HILLCREST,Pomonok-Electchester-Hillcrest,Queens,35746,76746.0,13.8,7.5,6735,49.6,28.0,78.25,65.0,0.4642857142857143,0.25,2.25,34.285714285714285,0.0,402.0,272.0,345.0,36.0,0.783304425670005,0.0,11.2460135399765,9.651429530576848,1.0071056901471493,14.273739545079842,Low,0
QN0803,Fresh Meadows-Utopia,Queens,0,QN0803,FRESH MEADOWS-UTOPIA,Fresh Meadows-Utopia,Queens,20815,93941.0,7.7,4.3,4097,41.2,22.0,123.72727272727273,60.0,0.5454545454545454,0.36363636363636365,1.7272727272727273,38.04545454545455,22.0,157.0,109.0,127.0,16.0,1.0569300984866683,5.369782767878935,7.542637521018496,6.101369204900313,0.7686764352630315,11.34490721889619,Low,0
QN0804,Jamaica Estates-Holliswood,Queens,0,QN0804,JAMAICA ESTATES-HOLLISWOOD,Jamaica Estates-Holliswood,Queens,24527,87965.0,10.3,7.8,4134,49.1,20.0,177.65,125.0,0.45,0.35,1.55,20.3,25.0,589.0,409.0,377.0,94.0,0.8154278957883149,6.047411707789066,24.014351530965875,15.370815835609735,3.83251111020508,18.0295982211779,Low,0
QN0805,Jamaica Hills-Briarwood,Queens,0,QN0805,JAMAICA HILLS-BRIARWOOD,Jamaica Hills-Briarwood,Queens,38325,87638.0,13.1,9.8,8399,43.6,69.0,105.95652173913044,80.0,0.2898550724637681,0.4927536231884058,1.7971014492753623,16.08695652173913,0.0,1176.0,703.0,1012.0,181.0,1.8003913894324852,0.0,30.684931506849313,26.40574037834312,4.72276581865623,14.106742649748202,Low,0
QN0901,Kew Gardens,Queens,0,QN0901,KEW GARDENS,Kew Gardens,Queens,24425,91115.0,8.1,6.1,5853,51.5,35.0,84.94285714285714,60.0,0.2571428571428571,0.5142857142857142,5.314285714285714,11.028571428571428,42.0,1733.0,1092.0,1109.0,226.0,1.4329580348004094,7.1758072783188105,70.95189355168885,45.404298874104406,9.25281473899693,24.265059944266795,Medium,0
QN0902,Richmond Hill,Queens,0,QN0902,RICHMOND HILL,Richmond Hill,Queens,34013,87270.0,10.7,6.0,5325,52.7,48.0,92.6875,60.5,0.375,0.4791666666666667,3.9375,42.729166666666664,82.0,1313.0,795.0,1128.0,212.0,1.4112251198071326,15.39906103286385,38.60288713139094,33.163790315467615,6.232910945814836,28.72062118573088,Medium,0
QN0903,South Richmond Hill,Queens,0,QN0903,SOUTH RICHMOND HILL,South Richmond Hill,Queens,23428,86469.0,12.5,6.6,2835,63.9,30.0,72.73333333333333,59.0,0.26666666666666666,0.4666666666666667,2.8,21.966666666666665,0.0,847.0,438.0,795.0,134.0,1.2805190370496842,0.0,36.153320812702745,33.933754481816635,5.719651698821922,23.54644872789544,Medium,0
QN0904,Ozone Park (North),Queens,0,QN0904,OZONE PARK (NORTH),Ozone Park (North),Queens,26317,87067.0,15.4,6.9,3748,54.3,27.0,77.96296296296296,65.0,0.4074074074074074,0.4444444444444444,2.4444444444444446,17.51851851851852,0.0,955.0,452.0,1135.0,193.0,1.0259528061709162,0.0,36.28833073678611,43.12801611125888,7.33366265151803,20.90556009398911,Low,0
QN0905,Woodhaven,Queens,0,QN0905,WOODHAVEN,Woodhaven,Queens,41182,91556.0,10.1,7.4,5603,53.3,87.0,67.183908045977,51.0,0.22988505747126436,0.5862068965517241,2.8160919540229883,32.0919540229885,90.0,1601.0,630.0,988.0,153.0,2.1125734544218346,16.062823487417454,38.87620805206158,23.991064057112332,3.715215385362537,29.002656567429614,Medium,0
QN1001,South Ozone Park,Queens,0,QN1001,SOUTH OZONE PARK,South Ozone Park,Queens,80994,98335.0,11.7,9.7,7026,60.9,33.0,95.0,83.0,0.48484848484848486,0.5151515151515151,8.030303030303031,42.878787878787875,85.0,1965.0,1015.0,1761.0,330.0,0.4074375879694792,12.097922003985198,24.26105637454626,21.74235128528039,4.074375879694792,28.36587719573928,Medium,0
QN1002,Ozone Park,Queens,0,QN1002,OZONE PARK,Ozone Park,Queens,23316,82476.0,10.4,6.0,2917,53.5,32.0,89.15625,83.0,0.59375,0.34375,3.03125,31.34375,40.0,503.0,302.0,479.0,53.0,1.372448104306056,13.712718546451834,21.57316863956082,20.543832561331275,2.273117172756905,25.834653843451356,Medium,0
QN1003,Howard Beach-Lindenwood,Queens,0,QN1003,HOWARD BEACH-LINDENWOOD,Howard Beach-Lindenwood,Queens,31090,94559.0,6.1,8.3,2697,53.3,20.0,115.4,100.0,0.55,0.6,3.05,13.6,0.0,295.0,162.0,366.0,30.0,0.6432936635574139,0.0,9.488581537471857,11.772274043100674,0.9649404953361209,12.617396011126427,Low,0
QN1101,Auburndale,Queens,0,QN1101,AUBURNDALE,Auburndale,Queens,34698,92728.0,9.3,5.7,3932,49.9,19.0,98.15789473684211,90.0,0.3157894736842105,0.3157894736842105,1.9473684210526316,21.0,6.0,227.0,131.0,305.0,30.0,0.5475819931984552,1.525940996948118,6.542163813476281,8.790131996080467,0.8646031471554556,13.087051986238807,Low,0
QN1102,Bayside,Queens,0,QN1102,BAYSIDE,Bayside,Queens,35364,110049.0,9.5,5.1,4568,47.6,32.0,122.0,69.5,0.40625,0.4375,4.6875,27.25,0.0,273.0,171.0,238.0,16.0,0.9048750141386721,0.0,7.719714964370546,6.730007917656374,0.45243750706933605,11.197627070695495,Low,0
QN1103,Douglaston-Little Neck,Queens,0,QN1103,DOUGLASTON-LITTLE NECK,Douglaston-Little Neck,Queens,25574,115480.0,6.6,5.0,2430,53.1,12.0,74.08333333333333,57.5,0.25,0.4166666666666667,1.8333333333333333,15.5,0.0,163.0,123.0,122.0,10.0,0.4692265582231954,0.0,6.373660749198405,4.770470008602486,0.3910221318526629,12.0195214251819,Low,0
QN1104,Oakland Gardens-Hollis Hills,Queens,0,QN1104,OAKLAND GARDENS-HOLLIS HILLS,Oakland Gardens-Hollis Hills,Queens,25549,102730.0,6.9,4.5,2831,53.9,3.0,63.0,60.0,0.0,0.3333333333333333,1.6666666666666667,9.666666666666666,0.0,229.0,185.0,129.0,14.0,0.11742142549610553,0.0,8.96316881286939,5.049121296332538,0.5479666523151592,12.527917535418979,Low,0
QN1201,Jamaica,Queens,0,QN1201,JAMAICA,Jamaica,Queens,57355,59944.0,18.4,10.2,13802,63.1,43.0,118.6046511627907,63.0,0.3488372093023256,0.5348837209302325,2.953488372093023,20.41860465116279,101.0,3461.0,2222.0,2770.0,764.0,0.7497166768372417,7.317780031879438,60.34347484962078,48.295702205561845,13.320547467526808,33.06235923183711,Medium,0
QN1202,South Jamaica,Queens,0,QN1202,SOUTH JAMAICA,South Jamaica,Queens,43086,74912.0,12.7,13.5,6748,59.4,39.0,86.48717948717949,65.0,0.4358974358974359,0.5384615384615384,1.7692307692307692,36.87179487179487,112.0,2075.0,999.0,2037.0,371.0,0.9051664113633198,16.597510373443985,48.15949496356125,47.2775379473611,8.61068560553312,34.674419416060374,High,0
QN1203,Baisley Park,Queens,0,QN1203,BAISLEY PARK,Baisley Park,Queens,43103,82152.0,11.6,9.1,5079,58.4,91.0,78.08791208791209,65.0,0.32967032967032966,0.45054945054945056,1.8241758241758241,48.23076923076923,84.0,1003.0,535.0,1075.0,152.0,2.1112219567083494,16.538688718251624,23.269842006356864,24.940259378697537,3.5264366749414195,31.261893062227784,Medium,0
QN1204,Springfield Gardens (North)-Rochdale Village,Queens,0,QN1204,SPRINGFIELD GARDENS (NORTH)-ROCHDALE VILLAGE,Springfield Gardens (North)-Rochdale Village,Queens,33004,73248.0,11.2,8.4,7619,49.3,73.0,104.61643835616438,79.0,0.3972602739726027,0.3424657534246575,1.63013698630137,53.61643835616438,0.0,778.0,453.0,561.0,83.0,2.211853108714095,0.0,23.572900254514604,16.997939643679555,2.5148466852502724,15.009672713300917,Low,0
QN1205,St. Albans,Queens,0,QN1205,ST. ALBANS,St. Albans,Queens,55408,100043.0,9.0,4.4,4140,55.7,84.0,101.4047619047619,65.0,0.34523809523809523,0.6190476190476191,1.880952380952381,35.583333333333336,98.0,1359.0,721.0,1154.0,176.0,1.5160265665607855,23.671497584541065,24.527144094715567,20.8273173548946,3.1764366156511694,33.4914624011764,Medium,0
QN1206,Hollis,Queens,0,QN1206,HOLLIS,Hollis,Queens,22737,84178.0,10.0,9.2,3305,52.7,18.0,78.16666666666667,70.0,0.2777777777777778,0.2222222222222222,1.9444444444444444,25.61111111111111,53.0,1123.0,660.0,783.0,146.0,0.7916611690196597,16.036308623298034,49.39086071161543,34.43726085235519,6.4212517042705715,29.37853547452869,Medium,0
QN1301,Glen Oaks-Floral Park-New Hyde Park,Queens,0,QN1301,GLEN OAKS-FLORAL PARK-NEW HYDE PARK,Glen Oaks-Floral Park-New Hyde Park,Queens,22858,110237.0,10.1,3.9,2193,35.7,0.0,0.0,0.0,0.0,0.0,0.0,0.0,4.0,124.0,81.0,47.0,7.0,0.0,1.823985408116735,5.4247965701286205,2.0561728935164933,0.30623851605564795,6.507079916202903,Low,0
QN1302,Bellerose,Queens,0,QN1302,BELLEROSE,Bellerose,Queens,27333,107765.0,8.2,7.1,2562,50.8,14.0,99.35714285714286,85.0,0.21428571428571427,0.6428571428571429,1.7857142857142858,8.428571428571429,14.0,305.0,167.0,216.0,28.0,0.5122013683093697,5.46448087431694,11.158672666739838,7.902535396773132,1.0244027366187394,16.025640449812197,Low,0
QN1303,Queens Village,Queens,0,QN1303,QUEENS VILLAGE,Queens Village,Queens,56154,95650.0,8.9,9.4,4764,65.0,57.0,85.6140350877193,75.0,0.5789473684210527,0.40350877192982454,3.2982456140350878,36.45614035087719,84.0,1338.0,731.0,840.0,119.0,1.0150657121487336,17.632241813602015,23.827331979912383,14.958863126402393,2.119172276240339,32.75133103327729,Medium,0
QN1304,Cambria Heights,Queens,0,QN1304,CAMBRIA HEIGHTS,Cambria Heights,Queens,19976,114138.0,6.1,5.5,932,61.9,24.0,70.625,57.5,0.125,0.25,2.2916666666666665,20.125,25.0,340.0,128.0,236.0,32.0,1.2014417300760913,26.82403433476395,17.020424509411292,11.814177012414898,1.6019223067681216,33.92977466247906,High,0
QN1305,Laurelton,Queens,0,QN1305,LAURELTON,Laurelton,Queens,27310,112321.0,5.1,4.8,1814,45.5,28.0,103.21428571428571,87.5,0.5,0.6071428571428571,2.1785714285714284,39.357142857142854,26.0,352.0,163.0,292.0,35.0,1.0252654705236177,14.332965821389196,12.889051629439766,10.692054192603441,1.281581838154522,19.078056129824375,Low,0
QN1306,Springfield Gardens (South)-Brookville,Queens,0,QN1306,SPRINGFIELD GARDENS (SOUTH)-BROOKVILLE,Springfield Gardens (South)-Brookville,Queens,24507,113251.0,9.9,7.1,2602,44.3,69.0,92.5072463768116,75.0,0.34782608695652173,0.4782608695652174,2.1594202898550723,74.46376811594203,0.0,565.0,300.0,550.0,98.0,2.815522095727751,0.0,23.05463745052434,22.442567429713957,3.9988574692944874,12.800466888040724,Low,0
QN1307,Rosedale,Queens,0,QN1307,ROSEDALE,Rosedale,Queens,27053,110038.0,9.2,7.2,2689,61.1,55.0,75.72727272727273,62.0,0.2545454545454545,0.41818181818181815,3.618181818181818,30.236363636363638,40.0,1055.0,469.0,459.0,80.0,2.033046242560899,14.875418371141688,38.99752338003179,16.96669500609914,2.9571581709976713,30.83746987188782,Medium,0
QN1401,Far Rockaway-Bayswater,Queens,0,QN1401,FAR ROCKAWAY-BAYSWATER,Far Rockaway-Bayswater,Queens,62772,58632.0,20.0,9.9,14146,60.6,49.0,132.77551020408163,68.0,0.3673469387755102,0.4489795918367347,5.73469387755102,11.142857142857142,177.0,4522.0,2503.0,4574.0,1048.0,0.7806028165424074,12.512370988265234,72.03848849805645,72.86688332377493,16.695341872172307,38.55170352912182,High,1
QN1402,Rockaway Beach-Arverne-Edgemere,Queens,0,QN1402,ROCKAWAY BEACH-ARVERNE-EDGEMERE,Rockaway Beach-Arverne-Edgemere,Queens,42459,53981.0,25.6,9.3,10683,55.8,140.0,145.95,120.0,0.6571428571428571,0.42142857142857143,2.742857142857143,26.5,0.0,2116.0,1214.0,1929.0,378.0,3.297298570385548,0.0,49.836312678113,45.43206387338373,8.90270614004098,28.054302134193975,Medium,0
QN1403,Breezy Point-Belle Harbor-Rockaway Park-Broad Channel,Queens,0,QN1403,BREEZY POINT-BELLE HARBOR-ROCKAWAY PARK-BROAD CHANNEL,Breezy Point-Belle Harbor-Rockaway Park-Broad Channel,Queens,25331,112035.0,9.1,6.9,3355,44.4,11.0,199.63636363636363,200.0,0.7272727272727273,0.5454545454545454,1.8181818181818181,10.909090909090908,36.0,980.0,703.0,0.0,0.0,0.43425052307449374,10.730253353204173,38.68777387390944,0.0,0.0,18.567214431544464,Low,0
SI0101,St. George-New Brighton,Staten Island,0,SI0101,ST. GEORGE-NEW BRIGHTON,St. George-New Brighton,Staten Island,20225,70449.0,26.5,8.5,4637,58.2,55.0,124.14545454545454,95.0,0.5272727272727272,0.5454545454545454,10.145454545454545,39.81818181818182,0.0,2114.0,1020.0,1824.0,388.0,2.719406674907293,0.0,104.52410383189122,90.18541409147095,19.18417799752781,35.6509777350483,High,0
SI0102,Tompkinsville-Stapleton-Clifton-Fox Hills,Staten Island,0,SI0102,TOMPKINSVILLE-STAPLETON-CLIFTON-FOX HILLS,Tompkinsville-Stapleton-Clifton-Fox Hills,Staten Island,17596,57276.0,26.5,5.1,4034,59.4,52.0,88.71153846153847,73.5,0.36538461538461536,0.6153846153846154,2.5576923076923075,44.26923076923077,0.0,1478.0,634.0,1354.0,270.0,2.9552170947942713,0.0,83.99636280972948,76.94930666060468,15.344396453739487,34.1113542705199,High,0
SI0103,Rosebank-Shore Acres-Park Hill,Staten Island,0,SI0103,ROSEBANK-SHORE ACRES-PARK HILL,Rosebank-Shore Acres-Park Hill,Staten Island,22705,73470.0,14.8,5.3,3968,48.6,15.0,128.46666666666667,100.0,0.6666666666666666,0.3333333333333333,2.4,24.133333333333333,0.0,1457.0,682.0,1743.0,470.0,0.6606474344857961,0.0,64.17088746972033,76.76723188724951,20.70028628055494,21.84237201155559,Medium,0
SI0104,West New Brighton-Silver Lake-Grymes Hill,Staten Island,0,SI0104,WEST NEW BRIGHTON-SILVER LAKE-GRYMES HILL,West New Brighton-Silver Lake-Grymes Hill,Staten Island,35491,104132.0,10.5,5.1,5742,50.6,58.0,89.27586206896552,69.5,0.4482758620689655,0.5517241379310345,3.0689655172413794,48.96551724137931,0.0,972.0,524.0,847.0,166.0,1.6342171254684288,0.0,27.38722493026401,23.86520526330619,4.677242117719985,15.69243667975417,Low,0
SI0105,Westerleigh-Castleton Corners,Staten Island,0,SI0105,WESTERLEIGH-CASTLETON CORNERS,Westerleigh-Castleton Corners,Staten Island,31582,120470.0,6.5,4.9,2681,59.4,6.0,117.0,84.0,0.5,0.5,6.833333333333333,19.833333333333332,0.0,160.0,84.0,149.0,11.0,0.1899816351086062,0.0,5.066176936229498,4.71787727186372,0.348299664365778,14.580205833376938,Low,0
SI0106,Port Richmond,Staten Island,0,SI0106,PORT RICHMOND,Port Richmond,Staten Island,20896,76168.0,22.1,8.8,2998,67.7,26.0,81.88461538461539,65.0,0.38461538461538464,0.7692307692307693,5.1923076923076925,17.73076923076923,32.0,1007.0,464.0,837.0,114.0,1.2442572741194486,10.67378252168112,48.19104134762634,40.05551301684533,5.455589586523737,37.91912658771505,High,0
SI0107,Mariner's Harbor-Arlington-Graniteville,Staten Island,0,SI0107,MARINER'S HARBOR-ARLINGTON-GRANITEVILLE,Mariner's Harbor-Arlington-Graniteville,Staten Island,32812,88011.0,15.4,8.3,4061,53.5,13.0,89.46153846153847,80.0,0.5384615384615384,0.46153846153846156,2.6153846153846154,25.923076923076923,0.0,1109.0,522.0,1348.0,257.0,0.39619651347068147,0.0,33.798610264537366,41.08253078142143,7.832500304766548,19.948836733172048,Low,0
SI0201,Grasmere-Arrochar-South Beach-Dongan Hills,Staten Island,0,SI0201,GRASMERE-ARROCHAR-SOUTH BEACH-DONGAN HILLS,Grasmere-Arrochar-South Beach-Dongan Hills,Staten Island,36672,85557.0,9.5,5.7,5059,57.0,55.0,84.4,50.0,0.2727272727272727,0.6727272727272727,3.8363636363636364,19.09090909090909,0.0,498.0,299.0,403.0,74.0,1.49978184991274,0.0,13.579842931937174,10.989310645724258,2.0178883071553226,16.362989068836008,Low,0
SI0202,New Dorp-Midland Beach,Staten Island,0,SI0202,NEW DORP-MIDLAND BEACH,New Dorp-Midland Beach,Staten Island,29303,93173.0,8.3,6.2,2689,54.4,25.0,71.88,70.0,0.64,0.56,3.36,17.2,11.0,181.0,94.0,225.0,20.0,0.8531549670682184,4.090740052063964,6.1768419615739,7.678394703613964,0.6825239736545746,16.53697158748405,Low,0
SI0203,Todt Hill-Emerson Hill-Lighthouse Hill-Manor Heights,Staten Island,0,SI0203,TODT HILL-EMERSON HILL-LIGHTHOUSE HILL-MANOR HEIGHTS,Todt Hill-Emerson Hill-Lighthouse Hill-Manor Heights,Staten Island,33699,109072.0,12.7,5.2,2627,55.2,12.0,131.75,82.5,0.6666666666666666,0.25,3.0833333333333335,13.25,0.0,269.0,141.0,0.0,0.0,0.35609365263064185,0.0,7.982432713136889,0.0,0.0,15.310493027200145,Low,0
SI0204,New Springville-Willowbrook-Bulls Head-Travis,Staten Island,0,SI0204,NEW SPRINGVILLE-WILLOWBROOK-BULLS HEAD-TRAVIS,New Springville-Willowbrook-Bulls Head-Travis,Staten Island,42458,98921.0,11.1,4.6,3750,49.6,14.0,63.714285714285715,51.0,0.2857142857142857,0.14285714285714285,6.714285714285714,23.357142857142858,0.0,429.0,236.0,370.0,27.0,0.3297376230627914,0.0,10.104102878138395,8.714494323802345,0.635922558763955,12.776940800890586,Low,0
SI0301,Oakwood-Richmondtown,Staten Island,0,SI0301,OAKWOOD-RICHMONDTOWN,Oakwood-Richmondtown,Staten Island,20418,109406.0,7.7,7.0,2456,59.7,6.0,80.66666666666667,71.5,0.5,0.5,1.5,14.666666666666666,0.0,270.0,187.0,171.0,22.0,0.2938583602703497,0.0,13.223626212165737,8.374963267704967,1.0774806543246156,16.047493410242396,Low,0
SI0302,Great Kills-Eltingville,Staten Island,0,SI0302,GREAT KILLS-ELTINGVILLE,Great Kills-Eltingville,Staten Island,57572,119220.0,7.6,5.3,3677,46.9,16.0,107.4375,79.0,0.625,0.375,11.625,31.125,0.0,172.0,103.0,203.0,17.0,0.2779128743139026,0.0,2.9875633988744528,3.526019592857639,0.29528242895852147,9.260608863966704,Low,0
SI0303,Arden Heights-Rossville,Staten Island,0,SI0303,ARDEN HEIGHTS-ROSSVILLE,Arden Heights-Rossville,Staten Island,31491,111509.0,5.3,4.7,1455,56.3,3.0,73.33333333333333,75.0,1.0,0.0,3.0,14.0,0.0,103.0,52.0,102.0,2.0,0.0952653138992093,0.0,3.2707757772061856,3.2390206725731163,0.06351020926613953,12.422553086777038,Low,0
SI0304,Annadale-Huguenot-Prince's Bay-Woodrow,Staten Island,0,SI0304,ANNADALE-HUGUENOT-PRINCE'S BAY-WOODROW,Annadale-Huguenot-Prince's Bay-Woodrow,Staten Island,42360,121815.0,4.0,3.5,3241,64.7,9.0,253.66666666666666,118.0,0.7777777777777778,0.3333333333333333,3.6666666666666665,21.88888888888889,0.0,143.0,87.0,179.0,19.0,0.21246458923512748,0.0,3.3758262511803587,4.225684608120869,0.4485363550519358,15.76896598315249,Low,0
SI0305,Tottenville-Charleston,Staten Island,0,SI0305,TOTTENVILLE-CHARLESTON,Tottenville-Charleston,Staten Island,16845,134828.0,4.8,1.6,1254,54.7,7.0,144.85714285714286,100.0,0.7142857142857143,0.7142857142857143,2.4285714285714284,19.857142857142858,0.0,45.0,34.0,31.0,2.0,0.41555357672899973,0.0,2.6714158504007126,1.840308696942713,0.11872959335114278,11.521737347140746,Low,0
